Patient,Secondes de référence,FC référence moyenne (bpm),MAE brute (bpm),MAE filtrée (bpm),Pire écart (bpm),FC disponible (%),FC transmise qualité (%),MAE transmise (bpm),Pics détectés
01,473,91.3107822410148,0.7873053494773344,1.4619274096642438,63.70312500000003,100.0,94.5031712473573,0.5373617094708525,716
02,473,91.06553911205074,0.7753703137119711,0.7987289230092033,3.936708860758742,100.0,98.30866807610994,0.8022108509274817,727
03,473,76.64482029598308,1.0203600022022183,1.0240113674760025,15.469387755101238,100.0,86.68076109936575,1.0289109738048818,611
04,473,92.45454545454545,0.9676206282284545,1.8172477045197792,77.35156250000001,99.57716701902748,75.47568710359408,0.6892367846814456,706
05,473,98.20507399577167,0.8859899758333712,1.8371810446456338,69.70312500000003,99.78858350951374,93.86892177589851,0.7423940518732858,766
06,473,81.83932346723044,0.6328090187036717,0.6185824691163061,9.47826086956411,100.0,100.0,0.6185824691163061,654
07,473,90.09936575052853,0.4044780164914322,0.39918223136434433,0.8203592814362679,100.0,100.0,0.39918223136434433,722
08,473,99.94714587737843,0.49853806347337404,0.5013106506290015,3.315789473684873,100.0,100.0,0.5013106506290015,798
09,473,76.74418604651163,0.5039653314118302,0.48170859848681846,4.469387755101238,100.0,100.0,0.48170859848681846,614
10,473,82.10993657505286,1.3784221672128405,1.3018446928135825,23.44067796610169,100.0,86.68076109936575,0.9782432120800536,652
11,473,92.9830866807611,1.1742045197725146,1.2026871888980595,8.351351351353998,100.0,100.0,1.2026871888980595,742
12,473,93.04862579281183,0.8492513396596286,0.809895442234851,4.774193548386393,100.0,97.88583509513742,0.7812150354702291,741
13,473,66.8245243128964,0.32301784618951995,0.32755048377095397,1.567567567569327,100.0,95.13742071881607,0.33154112271416714,535
14,473,95.15433403805497,0.658701496150981,0.5329158888096082,2.4074074074068506,100.0,74.4186046511628,0.4401672828843377,739
15,473,107.35940803382664,0.5200313103362563,0.5207778208336393,1.8571428571432875,100.0,100.0,0.5207778208336393,858
16,473,109.53276955602537,0.6300156889985234,0.6233255192421474,8.294117647056567,100.0,96.40591966173362,0.5865746314180208,874
17,473,81.02959830866807,4.7798070747412655,4.759978409267814,22.351351351353998,100.0,10.14799154334038,2.079088239595032,647
18,473,90.08668076109936,0.5068807129317443,0.51409364703904,1.764705882353823,100.0,100.0,0.51409364703904,721
19,473,73.4799154334038,1.3894659422260938,1.3493681516149916,6.534031413611544,100.0,91.12050739957716,1.3614416695263136,587
20,473,87.98097251585624,0.9786029899896956,0.9400410331036971,2.793103448275602,100.0,98.30866807610994,0.9481068876762409,702
21,473,124.00422832980972,0.8439346446011606,0.8225311832489122,3.04918032786874,100.0,93.44608879492601,0.8200662808169911,984
22,473,81.65327695560254,1.531410182712032,1.5231982090434446,12.354838709680479,100.0,95.9830866807611,1.38944603778448,653
23,473,63.989429175475685,1.8089784817783376,1.721657839965568,34.15384615384251,100.0,82.66384778012686,1.630625197680957,509
24,473,96.52642706131078,5.080703741473505,5.221897278230557,18.772727272724765,100.0,56.65961945031712,5.050484147936052,754
25,473,124.33192389006342,1.5798851809086385,1.6542207583572635,17.95081967213126,100.0,67.23044397463002,1.7846632678445826,970
26,473,90.14376321353066,3.29572619968759,2.6124414953699393,14.242424242421677,100.0,9.513742071881607,1.2930038003698898,645
27,469,88.13219616204691,1.2142252777060734,1.4154804622111992,40.97805642633267,100.0,96.37526652452026,0.7090748023421674,698
28,473,82.93868921775899,5.322349426906699,5.137321339614836,31.294117647050797,100.0,28.32980972515856,4.506597074415889,658
29,473,90.5200845665962,1.2000710617163521,1.1633936941013314,4.714285714289105,100.0,81.81818181818183,1.1028618960765197,717
30,473,88.42494714587738,0.9565112896859638,0.9568961626778786,4.790697674418908,100.0,89.85200845665962,0.9361310901538523,700
31,473,83.55602536997885,0.5655897196759327,0.5618670496420102,11.000000000000057,100.0,96.40591966173362,0.4414275877059102,666
32,473,81.0676532769556,0.6194007323605142,0.5977191248108136,2.875000000000071,100.0,97.67441860465115,0.5995970080838048,646
33,473,82.3615221987315,3.982181673550415,3.8509671401093293,15.192660550459834,100.0,10.993657505285412,2.8486424819827505,659
34,473,81.8245243128964,1.2085932140515496,1.2441900017776877,15.790697674418908,100.0,97.04016913319239,1.2534033989777422,650
35,473,101.97463002114165,2.1689806736453225,2.218864948221897,61.98773006134876,100.0,89.64059196617336,1.500574366291191,794
36,473,72.92811839323467,1.3250526932556703,1.2851796393734796,3.906542056074315,100.0,100.0,1.2851796393734796,583
37,473,90.10359408033827,0.7028622206343597,0.5986356940139416,3.790697674418908,100.0,95.13742071881607,0.5441377966307178,716
38,473,83.83932346723044,1.6532724292047984,1.6200782797841322,7.47826086956411,100.0,59.830866807610995,1.122111818096898,659
39,473,75.48414376321352,2.0393337918631227,1.9799350145344556,23.476190476190425,100.0,69.97885835095138,0.947930675206875,596
40,473,110.44397463002115,7.126379964006391,6.189164950861175,70.67741935483869,100.0,46.51162790697674,0.43410686326132925,760
41,473,79.1754756871036,9.553304984949879,8.831150052934767,56.57894736842016,100.0,40.169133192389005,3.8362006848402057,652
42,473,83.72093023255815,0.5283442764424358,0.5079241953332126,1.6666666666665293,100.0,100.0,0.5079241953332126,669
43,473,89.92600422832982,1.715146717230796,1.6790780616330017,9.052631578947896,100.0,90.06342494714588,1.68951742596011,713
44,473,89.83509513742072,1.6602318232515167,1.4813052190009994,55.36771300448415,97.67441860465115,89.85200845665962,0.4797401543554292,689
45,473,61.16279069767442,6.4753634756195435,6.7857846696156185,23.38095238095257,100.0,67.01902748414376,6.729177911030178,484
46,473,106.71881606765328,0.6344199366094443,0.6226598279412173,4.086330935251297,100.0,98.30866807610994,0.6084262272923014,852
47,473,83.65750528541226,75.74440891609777,77.70597324959144,87.4545454545298,100.0,34.038054968287526,82.99102740687967,1220
48,473,101.43763213530656,2.036005704163977,2.5340458758878825,63.6090225563891,100.0,89.4291754756871,1.7217100669941419,793
49,473,84.5200845665962,0.6159237915562672,0.6118760639985932,3.4782608695656876,100.0,74.63002114164905,0.5833043618872882,683
50,473,76.32558139534883,0.9281038451697041,0.7831797555290794,7.7457627118646,100.0,93.23467230443974,0.6896924817038825,610
51,473,90.04651162790698,0.7527787085943228,0.7545656349539331,2.9090909090908923,100.0,100.0,0.7545656349539331,720
52,473,115.09725158562368,0.554600611786042,0.5450177933673245,2.1874999999999005,100.0,100.0,0.5450177933673245,921
53,473,92.83509513742072,4.392395996689941,4.295138776695192,16.790697674417103,100.0,33.61522198731501,3.93227237160601,729
